{
    "openapi": "3.0.0",
    "info": {
        "title": "Order API",
        "version": "1.0.0",
        "description": "API for order information"
    },
     "paths": {
        "/orders/{order_number}": {
            "get": {
                "operationId": "getOrder",
                "summary": "Get order by order number",
                "parameters": [
                    {
                        "name": "order_number",
                        "in": "path",
                        "required": true,
                        "schema": {"type": "integer"}
                    }
                ],
                "responses": {
                    "200": {
                        "description": "Order retrieved",
                        "content": {
                            "application/json": {
                                "schema": {"$ref": "#/components/schemas/Order"},
                                "example": {
                                    "order_number": 1005,
                                    "confirmation_number": "KYZI4QQVN",
                                    "currency": "EUR",
                                    "customer": {
                                        "first_name": "John",
                                        "last_name": "user00",
                                        "email": "john.doer@example.com"
                                    },
                                    "shipping_address": {
                                        "first_name": "John",
                                        "last_name": "Doe",
                                        "address1": "Dietmar-Hopp-Allee",
                                        "address2": null,
                                        "city": "Walldorf",
                                        "zip": "69190",
                                        "country": "Germany"
                                    },
                                    "line_items": [
                                        {
                                            "sku": "sku-managed-1",
                                            "quantity": 1,
                                            "price": "629.95",
                                            "name": "The Multi-managed Snowboard"
                                        },
                                        {
                                            "sku": "sku-managed-2",
                                            "quantity": 2,
                                            "price": "635.95",
                                            "name": "The Multi-managed Snowboard"
                                        }
                                    ]
                                }
                            }
                        }
                    }
                }
            }
        }
    },
    "components": {
        "schemas": {
            "Order": {
                "type": "object",
                "properties": {
                    "order_number": {"type": "integer"},
                    "confirmation_number": {"type": "string"},
                    "currency": {"type": "string"},
                    "customer": {
                        "type": "object",
                        "properties": {
                            "first_name": {"type": "string"},
                            "last_name": {"type": "string"},
                            "email": {"type": "string"}
                        },
                        "required": [
                            "first_name",
                            "last_name",
                            "email"
                        ]
                    },
                    "shipping_address": {
                        "type": "object",
                        "properties": {
                            "first_name": {"type": "string"},
                            "last_name": {"type": "string"},
                            "address1": {"type": "string"},
                            "address2": {
                                "type": "string",
                                "nullable": true
                            },
                            "city": {"type": "string"},
                            "zip": {"type": "string"},
                            "country": {"type": "string"}
                        },
                        "required": [
                            "first_name",
                            "last_name",
                            "address1",
                            "city",
                            "zip",
                            "country"
                        ]
                    },
                    "line_items": {
                        "type": "array",
                        "items": {
                            "type": "object",
                            "properties": {
                                "sku": {"type": "string"},
                                "quantity": {"type": "integer"},
                                "price": {"type": "string"},
                                "name": {"type": "string"}
                            },
                            "required": [
                                "sku",
                                "quantity",
                                "price",
                                "name"
                            ]
                        }
                    }
                },
                "required": [
                    "order_number",
                    "confirmation_number",
                    "currency",
                    "customer",
                    "shipping_address",
                    "line_items"
                ]
            }
        }
    }
}